<application>
  <component name="ProjectManager">
    <defaultProject>
      <component name="ProjectInspectionProfilesVisibleTreeState">
        <entry key="Project Default">
          <profile-state>
            <expanded-state>
              <State />
              <State>
                <id>Buildout</id>
              </State>
              <State>
                <id>EditorConfig</id>
              </State>
              <State>
                <id>General</id>
              </State>
              <State>
                <id>HTML</id>
              </State>
              <State>
                <id>JSON and JSON5</id>
              </State>
              <State>
                <id>Properties Files</id>
              </State>
              <State>
                <id>Python</id>
              </State>
              <State>
                <id>RegExp</id>
              </State>
              <State>
                <id>Shell Script</id>
              </State>
              <State>
                <id>Spelling</id>
              </State>
              <State>
                <id>Version control</id>
              </State>
              <State>
                <id>XML</id>
              </State>
              <State>
                <id>YAML</id>
              </State>
            </expanded-state>
            <selected-state>
              <State>
                <id>PyPep8NamingInspection</id>
              </State>
            </selected-state>
          </profile-state>
        </entry>
      </component>
      <component name="ProjectRootManager" version="2" project-jdk-name="Python 3.7" project-jdk-type="Python SDK" />
      <component name="PropertiesComponent">
        <property name="settings.editor.selected.configurable" value="preferences.general" />
      </component>
    </defaultProject>
  </component>
</application>